{
    "seen": true,
    "markers": [
        {
            "id": 47,
            "center_x": 659.75,
            "center_y": 726.25,
            "center_error_px": -160.25,
            "marker_size_px": 115.84718704223633,
            "raw_angle_deg": 78.19756579221645
        },
        {
            "id": 36,
            "center_x": 950.75,
            "center_y": 725.75,
            "center_error_px": 130.75,
            "marker_size_px": 115.37331008911133,
            "raw_angle_deg": 107.40270413135629
        }
    ],
    "all_marker_ids": [
        47,
        36
    ],
    "best": {
        "id": 47,
        "center_x": 659.75,
        "center_y": 726.25,
        "center_error_px": -160.25,
        "marker_size_px": 115.84718704223633,
        "raw_angle_deg": 78.19756579221645
    },
    "pair": {
        "ids": [
            36,
            47
        ],
        "id36_x": 950.75,
        "id47_x": 659.75,
        "center_x": 805.25,
        "center_y": 726.0,
        "center_error_px": -14.75,
        "separation_px": 291.0,
        "marker_size_px": 115.61024856567383,
        "orientation": "forward",
        "seen": true
    },
    "id": 47,
    "center_x": 659.75,
    "center_y": 726.25,
    "center_error_px": -160.25,
    "marker_size_px": 115.84718704223633,
    "raw_angle_deg": 78.19756579221645,
    "stamp_monotonic": 5098.325313444
}
